,Date,State,Completeness_pct
0,2020/12/21,AK,0.0
1,2020/12/21,AL,0.0
2,2020/12/21,AR,0.0
3,2020/12/21,AZ,0.0
4,2020/12/21,CA,0.0
5,2020/12/21,CO,0.0
6,2020/12/21,CT,0.0
7,2020/12/21,DE,100.0
8,2020/12/21,FL,0.0
9,2020/12/21,GA,0.0
10,2020/12/21,HI,0.0
11,2020/12/21,IA,0.0
12,2020/12/21,ID,0.0
13,2020/12/21,IL,0.0
14,2020/12/21,IN,0.0
15,2020/12/21,KS,0.0
16,2020/12/21,KY,0.0
17,2020/12/21,LA,0.0
18,2020/12/21,MA,0.0
19,2020/12/21,MD,0.0
20,2020/12/21,ME,0.0
21,2020/12/21,MI,0.0
22,2020/12/21,MN,0.0
23,2020/12/21,MO,0.0
24,2020/12/21,MS,0.0
25,2020/12/21,MT,0.0
26,2020/12/21,NC,0.0
27,2020/12/21,ND,0.0
28,2020/12/21,NE,0.0
29,2020/12/21,NH,0.0
30,2020/12/21,NJ,0.0
31,2020/12/21,NM,0.0
32,2020/12/21,NV,100.0
33,2020/12/21,NY,0.0
34,2020/12/21,OH,0.0
35,2020/12/21,OK,0.0
36,2020/12/21,OR,0.0
37,2020/12/21,PA,0.0
39,2020/12/21,RI,0.0
40,2020/12/21,SC,0.0
41,2020/12/21,SD,0.0
42,2020/12/21,TN,0.0
43,2020/12/21,TX,0.0
44,2020/12/21,UT,0.0
45,2020/12/21,VA,100.0
47,2020/12/21,VT,0.0
48,2020/12/21,WA,0.0
49,2020/12/21,WI,0.0
50,2020/12/21,WV,0.0
51,2020/12/21,WY,0.0
104,2021/01/18,AK,98.4
105,2021/01/18,AL,0.0
106,2021/01/18,AR,0.0
107,2021/01/18,AZ,98.7
108,2021/01/18,CA,95.3
109,2021/01/18,CO,0.0
110,2021/01/18,CT,96.7
111,2021/01/18,DE,97.1
112,2021/01/18,FL,99.6
113,2021/01/18,GA,0.0
114,2021/01/18,HI,0.0
115,2021/01/18,IA,0.0
116,2021/01/18,ID,98.0
117,2021/01/18,IL,98.2
118,2021/01/18,IN,99.0
119,2021/01/18,KS,0.0
120,2021/01/18,KY,0.0
121,2021/01/18,LA,98.1
122,2021/01/18,MA,80.0
123,2021/01/18,MD,98.9
124,2021/01/18,ME,86.2
125,2021/01/18,MI,0.0
126,2021/01/18,MN,93.6
127,2021/01/18,MO,0.0
128,2021/01/18,MS,0.0
129,2021/01/18,MT,99.2
130,2021/01/18,NC,0.0
131,2021/01/18,ND,0.0
132,2021/01/18,NE,0.0
133,2021/01/18,NH,0.0
134,2021/01/18,NJ,93.7
135,2021/01/18,NM,0.0
136,2021/01/18,NV,90.6
137,2021/01/18,NY,93.9
138,2021/01/18,OH,0.0
139,2021/01/18,OK,0.0
140,2021/01/18,OR,0.0
141,2021/01/18,PA,92.2
143,2021/01/18,RI,93.0
144,2021/01/18,SC,95.0
145,2021/01/18,SD,41.2
146,2021/01/18,TN,0.0
147,2021/01/18,TX,0.0
148,2021/01/18,UT,0.0
149,2021/01/18,VA,0.0
151,2021/01/18,VT,74.1
152,2021/01/18,WA,94.6
153,2021/01/18,WI,0.0
154,2021/01/18,WV,51.1
155,2021/01/18,WY,0.0
156,2021/02/01,AK,98.4
157,2021/02/01,AL,92.9
158,2021/02/01,AR,89.5
159,2021/02/01,AZ,98.6
160,2021/02/01,CA,95.9
161,2021/02/01,CO,0.0
162,2021/02/01,CT,97.3
163,2021/02/01,DE,96.9
164,2021/02/01,FL,99.5
165,2021/02/01,GA,47.2
166,2021/02/01,HI,0.0
167,2021/02/01,IA,97.3
168,2021/02/01,ID,97.6
169,2021/02/01,IL,97.8
170,2021/02/01,IN,98.5
171,2021/02/01,KS,0.0
172,2021/02/01,KY,93.6
173,2021/02/01,LA,97.6
174,2021/02/01,MA,87.0
175,2021/02/01,MD,98.9
176,2021/02/01,ME,87.7
177,2021/02/01,MI,98.0
178,2021/02/01,MN,94.3
179,2021/02/01,MO,93.2
180,2021/02/01,MS,98.0
181,2021/02/01,MT,97.8
182,2021/02/01,NC,97.9
183,2021/02/01,ND,0.0
184,2021/02/01,NE,61.4
185,2021/02/01,NH,40.5
186,2021/02/01,NJ,93.4
187,2021/02/01,NM,0.0
188,2021/02/01,NV,93.2
189,2021/02/01,NY,93.9
190,2021/02/01,OH,98.4
191,2021/02/01,OK,95.1
192,2021/02/01,OR,0.0
193,2021/02/01,PA,93.1
195,2021/02/01,RI,91.4
196,2021/02/01,SC,93.8
197,2021/02/01,SD,0.0
198,2021/02/01,TN,98.2
199,2021/02/01,TX,0.0
200,2021/02/01,UT,98.2
201,2021/02/01,VA,49.5
203,2021/02/01,VT,76.2
204,2021/02/01,WA,94.1
205,2021/02/01,WI,95.8
206,2021/02/01,WV,52.6
207,2021/02/01,WY,99.0
208,2021/02/15,AK,98.4
209,2021/02/15,AL,92.9
210,2021/02/15,AR,91.1
211,2021/02/15,AZ,98.6
212,2021/02/15,CA,96.9
213,2021/02/15,CO,0.0
214,2021/02/15,CT,97.7
215,2021/02/15,DE,96.3
216,2021/02/15,FL,99.6
217,2021/02/15,GA,49.6
218,2021/02/15,HI,0.0
219,2021/02/15,IA,97.4
220,2021/02/15,ID,98.0
221,2021/02/15,IL,97.7
222,2021/02/15,IN,98.7
223,2021/02/15,KS,92.6
224,2021/02/15,KY,94.8
225,2021/02/15,LA,95.4
226,2021/02/15,MA,87.6
227,2021/02/15,MD,99.1
228,2021/02/15,ME,88.7
229,2021/02/15,MI,90.3
230,2021/02/15,MN,94.7
231,2021/02/15,MO,93.6
232,2021/02/15,MS,98.9
233,2021/02/15,MT,97.0
234,2021/02/15,NC,98.5
235,2021/02/15,ND,93.4
236,2021/02/15,NE,60.0
237,2021/02/15,NH,43.4
238,2021/02/15,NJ,93.4
239,2021/02/15,NM,0.0
240,2021/02/15,NV,95.8
241,2021/02/15,NY,95.5
242,2021/02/15,OH,98.8
243,2021/02/15,OK,95.9
244,2021/02/15,OR,98.3
245,2021/02/15,PA,92.8
247,2021/02/15,RI,90.3
248,2021/02/15,SC,91.4
249,2021/02/15,SD,46.9
250,2021/02/15,TN,98.4
251,2021/02/15,TX,0.0
252,2021/02/15,UT,97.8
253,2021/02/15,VA,48.3
255,2021/02/15,VT,77.7
256,2021/02/15,WA,94.4
257,2021/02/15,WI,96.9
258,2021/02/15,WV,54.1
259,2021/02/15,WY,99.1
260,2021/03/01,AK,98.6
261,2021/03/01,AL,93.8
262,2021/03/01,AR,92.1
263,2021/03/01,AZ,98.7
264,2021/03/01,CA,96.4
265,2021/03/01,CO,0.0
266,2021/03/01,CT,97.9
267,2021/03/01,DE,97.0
268,2021/03/01,FL,99.5
269,2021/03/01,GA,50.0
270,2021/03/01,HI,0.0
271,2021/03/01,IA,97.4
272,2021/03/01,ID,98.5
273,2021/03/01,IL,98.0
274,2021/03/01,IN,99.0
275,2021/03/01,KS,93.5
276,2021/03/01,KY,95.1
277,2021/03/01,LA,94.9
278,2021/03/01,MA,87.5
279,2021/03/01,MD,99.0
280,2021/03/01,ME,90.7
281,2021/03/01,MI,93.4
282,2021/03/01,MN,96.1
283,2021/03/01,MO,93.5
284,2021/03/01,MS,99.2
285,2021/03/01,MT,97.2
286,2021/03/01,NC,98.7
287,2021/03/01,ND,94.4
288,2021/03/01,NE,63.6
289,2021/03/01,NH,41.7
290,2021/03/01,NJ,92.6
291,2021/03/01,NM,30.8
292,2021/03/01,NV,96.9
293,2021/03/01,NY,95.9
294,2021/03/01,OH,99.1
295,2021/03/01,OK,94.6
296,2021/03/01,OR,98.3
297,2021/03/01,PA,93.7
299,2021/03/01,RI,90.5
300,2021/03/01,SC,91.8
301,2021/03/01,SD,47.6
302,2021/03/01,TN,98.5
303,2021/03/01,TX,0.0
304,2021/03/01,UT,97.1
305,2021/03/01,VA,48.0
307,2021/03/01,VT,76.3
308,2021/03/01,WA,95.3
309,2021/03/01,WI,97.6
310,2021/03/01,WV,54.7
311,2021/03/01,WY,99.1
312,2021/03/15,AK,98.5
313,2021/03/15,AL,93.9
314,2021/03/15,AR,92.0
315,2021/03/15,AZ,98.7
316,2021/03/15,CA,96.3
317,2021/03/15,CO,0.0
318,2021/03/15,CT,98.3
319,2021/03/15,DE,97.2
320,2021/03/15,FL,99.6
321,2021/03/15,GA,49.9
322,2021/03/15,HI,0.0
323,2021/03/15,IA,97.5
324,2021/03/15,ID,98.6
325,2021/03/15,IL,98.4
326,2021/03/15,IN,99.1
327,2021/03/15,KS,93.6
328,2021/03/15,KY,95.0
329,2021/03/15,LA,94.7
330,2021/03/15,MA,87.3
331,2021/03/15,MD,99.0
332,2021/03/15,ME,93.6
333,2021/03/15,MI,94.5
334,2021/03/15,MN,95.3
335,2021/03/15,MO,93.1
336,2021/03/15,MS,99.2
337,2021/03/15,MT,97.2
338,2021/03/15,NC,98.1
339,2021/03/15,ND,95.3
340,2021/03/15,NE,72.2
341,2021/03/15,NH,47.3
342,2021/03/15,NJ,93.4
343,2021/03/15,NM,50.0
344,2021/03/15,NV,97.0
345,2021/03/15,NY,96.5
346,2021/03/15,OH,99.3
347,2021/03/15,OK,94.5
348,2021/03/15,OR,98.3
349,2021/03/15,PA,93.5
351,2021/03/15,RI,91.6
352,2021/03/15,SC,93.4
353,2021/03/15,SD,57.4
354,2021/03/15,TN,98.5
355,2021/03/15,TX,0.0
356,2021/03/15,UT,97.9
357,2021/03/15,VA,48.0
359,2021/03/15,VT,76.0
360,2021/03/15,WA,95.7
361,2021/03/15,WI,97.7
362,2021/03/15,WV,54.8
363,2021/03/15,WY,99.1
364,2021/03/29,AK,98.4
365,2021/03/29,AL,93.5
366,2021/03/29,AR,91.9
367,2021/03/29,AZ,98.6
368,2021/03/29,CA,96.9
369,2021/03/29,CO,74.5
370,2021/03/29,CT,98.5
371,2021/03/29,DE,97.1
372,2021/03/29,FL,99.6
373,2021/03/29,GA,50.2
374,2021/03/29,HI,0.0
375,2021/03/29,IA,97.6
376,2021/03/29,ID,98.7
377,2021/03/29,IL,98.2
378,2021/03/29,IN,99.1
379,2021/03/29,KS,93.7
380,2021/03/29,KY,94.9
381,2021/03/29,LA,95.0
382,2021/03/29,MA,87.5
383,2021/03/29,MD,99.0
384,2021/03/29,ME,94.9
385,2021/03/29,MI,95.4
386,2021/03/29,MN,95.6
387,2021/03/29,MO,92.9
388,2021/03/29,MS,99.2
389,2021/03/29,MT,96.8
390,2021/03/29,NC,97.7
391,2021/03/29,ND,95.7
392,2021/03/29,NE,78.9
393,2021/03/29,NH,50.7
394,2021/03/29,NJ,91.1
395,2021/03/29,NM,63.3
396,2021/03/29,NV,97.1
397,2021/03/29,NY,97.1
398,2021/03/29,OH,99.0
399,2021/03/29,OK,94.0
400,2021/03/29,OR,98.2
401,2021/03/29,PA,94.3
403,2021/03/29,RI,95.1
404,2021/03/29,SC,93.6
405,2021/03/29,SD,69.0
406,2021/03/29,TN,98.6
407,2021/03/29,TX,0.0
408,2021/03/29,UT,98.3
409,2021/03/29,VA,48.7
411,2021/03/29,VT,76.0
412,2021/03/29,WA,96.0
413,2021/03/29,WI,97.8
414,2021/03/29,WV,54.6
415,2021/03/29,WY,98.8
468,2021/04/26,AK,97.7
469,2021/04/26,AL,92.0
470,2021/04/26,AR,89.1
471,2021/04/26,AZ,97.7
472,2021/04/26,CA,96.9
473,2021/04/26,CO,80.1
474,2021/04/26,CT,98.4
475,2021/04/26,DE,96.2
476,2021/04/26,FL,98.9
477,2021/04/26,GA,49.1
478,2021/04/26,HI,0.0
479,2021/04/26,IA,97.4
480,2021/04/26,ID,98.1
481,2021/04/26,IL,97.5
482,2021/04/26,IN,98.8
483,2021/04/26,KS,93.1
484,2021/04/26,KY,94.4
485,2021/04/26,LA,95.2
486,2021/04/26,MA,87.8
487,2021/04/26,MD,98.8
488,2021/04/26,ME,95.5
489,2021/04/26,MI,95.7
490,2021/04/26,MN,95.4
491,2021/04/26,MO,90.7
492,2021/04/26,MS,98.6
493,2021/04/26,MT,95.9
494,2021/04/26,NC,96.4
495,2021/04/26,ND,95.7
496,2021/04/26,NE,86.5
497,2021/04/26,NH,85.5
498,2021/04/26,NJ,90.3
499,2021/04/26,NM,75.1
500,2021/04/26,NV,96.0
501,2021/04/26,NY,97.2
502,2021/04/26,OH,98.6
503,2021/04/26,OK,93.1
504,2021/04/26,OR,97.5
505,2021/04/26,PA,92.8
507,2021/04/26,RI,94.8
508,2021/04/26,SC,93.4
509,2021/04/26,SD,79.1
510,2021/04/26,TN,98.1
511,2021/04/26,TX,0.0
512,2021/04/26,UT,96.0
513,2021/04/26,VA,49.6
515,2021/04/26,VT,74.5
516,2021/04/26,WA,95.7
517,2021/04/26,WI,97.2
518,2021/04/26,WV,54.0
519,2021/04/26,WY,97.5
520,2021/05/10,AK,97.7
521,2021/05/10,AL,91.9
522,2021/05/10,AR,88.9
523,2021/05/10,AZ,97.6
524,2021/05/10,CA,97.1
525,2021/05/10,CO,81.1
526,2021/05/10,CT,98.4
527,2021/05/10,DE,96.2
528,2021/05/10,FL,98.8
529,2021/05/10,GA,48.2
530,2021/05/10,HI,0.0
531,2021/05/10,IA,97.4
532,2021/05/10,ID,98.0
533,2021/05/10,IL,97.6
534,2021/05/10,IN,98.8
535,2021/05/10,KS,93.2
536,2021/05/10,KY,94.3
537,2021/05/10,LA,95.5
538,2021/05/10,MA,88.3
539,2021/05/10,MD,98.7
540,2021/05/10,ME,95.7
541,2021/05/10,MI,95.6
542,2021/05/10,MN,95.2
543,2021/05/10,MO,90.3
544,2021/05/10,MS,98.5
545,2021/05/10,MT,95.7
546,2021/05/10,NC,96.4
547,2021/05/10,ND,95.7
548,2021/05/10,NE,88.1
549,2021/05/10,NH,92.6
550,2021/05/10,NJ,91.6
551,2021/05/10,NM,78.4
552,2021/05/10,NV,95.6
553,2021/05/10,NY,97.3
554,2021/05/10,OH,98.6
555,2021/05/10,OK,93.2
556,2021/05/10,OR,97.5
557,2021/05/10,PA,93.1
559,2021/05/10,RI,95.0
560,2021/05/10,SC,93.3
561,2021/05/10,SD,81.2
562,2021/05/10,TN,98.1
563,2021/05/10,TX,0.0
564,2021/05/10,UT,96.1
565,2021/05/10,VA,50.4
567,2021/05/10,VT,74.0
568,2021/05/10,WA,95.7
569,2021/05/10,WI,97.2
570,2021/05/10,WV,54.5
571,2021/05/10,WY,97.0
572,2021/05/24,AK,97.7
573,2021/05/24,AL,91.8
574,2021/05/24,AR,88.8
575,2021/05/24,AZ,97.6
576,2021/05/24,CA,97.1
577,2021/05/24,CO,81.3
578,2021/05/24,CT,98.4
579,2021/05/24,DE,96.1
580,2021/05/24,FL,98.8
581,2021/05/24,GA,48.8
582,2021/05/24,HI,0.0
583,2021/05/24,IA,97.4
584,2021/05/24,ID,97.9
585,2021/05/24,IL,97.6
586,2021/05/24,IN,98.8
587,2021/05/24,KS,93.2
588,2021/05/24,KY,94.2
589,2021/05/24,LA,95.6
590,2021/05/24,MA,88.6
591,2021/05/24,MD,98.7
592,2021/05/24,ME,96.0
593,2021/05/24,MI,95.3
594,2021/05/24,MN,95.2
595,2021/05/24,MO,90.2
596,2021/05/24,MS,98.5
597,2021/05/24,MT,95.6
598,2021/05/24,NC,96.4
599,2021/05/24,ND,95.5
600,2021/05/24,NE,88.4
601,2021/05/24,NH,93.3
602,2021/05/24,NJ,92.2
603,2021/05/24,NM,80.0
604,2021/05/24,NV,95.3
605,2021/05/24,NY,97.4
606,2021/05/24,OH,98.6
607,2021/05/24,OK,93.2
608,2021/05/24,OR,97.7
609,2021/05/24,PA,93.5
611,2021/05/24,RI,95.4
612,2021/05/24,SC,93.3
613,2021/05/24,SD,82.0
614,2021/05/24,TN,98.1
615,2021/05/24,TX,0.0
616,2021/05/24,UT,96.2
617,2021/05/24,VA,51.0
619,2021/05/24,VT,73.9
620,2021/05/24,WA,95.9
621,2021/05/24,WI,97.1
622,2021/05/24,WV,55.2
623,2021/05/24,WY,96.8
624,2021/06/07,AK,97.3
625,2021/06/07,AL,91.7
626,2021/06/07,AR,88.8
627,2021/06/07,AZ,97.5
628,2021/06/07,CA,97.2
629,2021/06/07,CO,87.0
630,2021/06/07,CT,98.4
631,2021/06/07,DE,96.1
632,2021/06/07,FL,98.7
633,2021/06/07,GA,51.2
634,2021/06/07,HI,0.0
635,2021/06/07,IA,97.4
636,2021/06/07,ID,97.8
637,2021/06/07,IL,97.6
638,2021/06/07,IN,98.8
639,2021/06/07,KS,93.2
640,2021/06/07,KY,94.2
641,2021/06/07,LA,95.7
642,2021/06/07,MA,89.0
643,2021/06/07,MD,98.7
644,2021/06/07,ME,96.1
645,2021/06/07,MI,95.1
646,2021/06/07,MN,95.3
647,2021/06/07,MO,90.3
648,2021/06/07,MS,98.3
649,2021/06/07,MT,95.4
650,2021/06/07,NC,96.3
651,2021/06/07,ND,95.4
652,2021/06/07,NE,88.6
653,2021/06/07,NH,94.7
654,2021/06/07,NJ,92.5
655,2021/06/07,NM,80.8
656,2021/06/07,NV,95.0
657,2021/06/07,NY,97.4
658,2021/06/07,OH,98.6
659,2021/06/07,OK,93.3
660,2021/06/07,OR,97.7
661,2021/06/07,PA,93.7
663,2021/06/07,RI,95.4
664,2021/06/07,SC,93.3
665,2021/06/07,SD,82.3
666,2021/06/07,TN,97.8
667,2021/06/07,TX,0.0
668,2021/06/07,UT,96.3
669,2021/06/07,VA,51.1
671,2021/06/07,VT,73.8
672,2021/06/07,WA,96.1
673,2021/06/07,WI,97.1
674,2021/06/07,WV,55.7
675,2021/06/07,WY,96.7
676,2021/06/21,AK,97.3
677,2021/06/21,AL,91.7
678,2021/06/21,AR,88.9
679,2021/06/21,AZ,97.5
680,2021/06/21,CA,97.2
681,2021/06/21,CO,89.8
682,2021/06/21,CT,98.4
683,2021/06/21,DE,96.1
684,2021/06/21,FL,98.7
685,2021/06/21,GA,52.0
686,2021/06/21,HI,0.0
687,2021/06/21,IA,97.5
688,2021/06/21,ID,97.8
689,2021/06/21,IL,97.7
690,2021/06/21,IN,98.8
691,2021/06/21,KS,93.3
692,2021/06/21,KY,94.2
693,2021/06/21,LA,95.8
694,2021/06/21,MA,89.2
695,2021/06/21,MD,98.7
696,2021/06/21,ME,96.2
697,2021/06/21,MI,95.0
698,2021/06/21,MN,95.1
699,2021/06/21,MO,90.5
700,2021/06/21,MS,98.3
701,2021/06/21,MT,95.5
702,2021/06/21,NC,96.4
703,2021/06/21,ND,95.3
704,2021/06/21,NE,88.6
705,2021/06/21,NH,94.8
706,2021/06/21,NJ,92.7
707,2021/06/21,NM,81.9
708,2021/06/21,NV,94.9
709,2021/06/21,NY,97.4
710,2021/06/21,OH,98.6
711,2021/06/21,OK,93.4
712,2021/06/21,OR,97.8
713,2021/06/21,PA,93.9
715,2021/06/21,RI,95.5
716,2021/06/21,SC,93.4
717,2021/06/21,SD,82.8
718,2021/06/21,TN,97.9
719,2021/06/21,TX,0.0
720,2021/06/21,UT,96.5
721,2021/06/21,VA,51.2
723,2021/06/21,VT,73.6
724,2021/06/21,WA,96.1
725,2021/06/21,WI,97.1
726,2021/06/21,WV,57.1
727,2021/06/21,WY,96.6
728,2021/07/05,AK,97.0
729,2021/07/05,AL,91.7
730,2021/07/05,AR,89.1
731,2021/07/05,AZ,97.6
732,2021/07/05,CA,97.3
733,2021/07/05,CO,90.7
734,2021/07/05,CT,98.4
735,2021/07/05,DE,96.2
736,2021/07/05,FL,98.7
737,2021/07/05,GA,53.3
738,2021/07/05,HI,0.0
739,2021/07/05,IA,97.5
740,2021/07/05,ID,97.8
741,2021/07/05,IL,97.7
742,2021/07/05,IN,98.8
743,2021/07/05,KS,93.3
744,2021/07/05,KY,94.2
745,2021/07/05,LA,95.9
746,2021/07/05,MA,89.3
747,2021/07/05,MD,98.7
748,2021/07/05,ME,96.3
749,2021/07/05,MI,94.9
750,2021/07/05,MN,95.0
751,2021/07/05,MO,90.6
752,2021/07/05,MS,98.3
753,2021/07/05,MT,95.6
754,2021/07/05,NC,96.4
755,2021/07/05,ND,95.2
756,2021/07/05,NE,88.8
757,2021/07/05,NH,93.9
758,2021/07/05,NJ,92.9
759,2021/07/05,NM,82.4
760,2021/07/05,NV,94.9
761,2021/07/05,NY,97.5
762,2021/07/05,OH,98.5
763,2021/07/05,OK,93.5
764,2021/07/05,OR,97.8
765,2021/07/05,PA,94.0
767,2021/07/05,RI,95.5
768,2021/07/05,SC,93.6
769,2021/07/05,SD,83.1
770,2021/07/05,TN,97.9
771,2021/07/05,TX,0.0
772,2021/07/05,UT,96.6
773,2021/07/05,VA,51.2
775,2021/07/05,VT,73.6
776,2021/07/05,WA,96.2
777,2021/07/05,WI,97.1
778,2021/07/05,WV,57.9
779,2021/07/05,WY,96.6
832,2021/08/02,AK,97.0
833,2021/08/02,AL,91.7
834,2021/08/02,AR,89.3
835,2021/08/02,AZ,97.5
836,2021/08/02,CA,97.3
837,2021/08/02,CO,93.5
838,2021/08/02,CT,98.4
839,2021/08/02,DE,96.2
840,2021/08/02,FL,98.7
841,2021/08/02,GA,54.1
842,2021/08/02,HI,0.0
843,2021/08/02,IA,97.5
844,2021/08/02,ID,97.7
845,2021/08/02,IL,97.8
846,2021/08/02,IN,98.8
847,2021/08/02,KS,93.5
848,2021/08/02,KY,94.3
849,2021/08/02,LA,96.0
850,2021/08/02,MA,89.4
851,2021/08/02,MD,98.7
852,2021/08/02,ME,96.3
853,2021/08/02,MI,94.7
854,2021/08/02,MN,94.6
855,2021/08/02,MO,90.8
856,2021/08/02,MS,98.3
857,2021/08/02,MT,95.6
858,2021/08/02,NC,96.4
859,2021/08/02,ND,95.2
860,2021/08/02,NE,88.8
861,2021/08/02,NH,94.0
862,2021/08/02,NJ,93.0
863,2021/08/02,NM,82.9
864,2021/08/02,NV,94.9
865,2021/08/02,NY,97.5
866,2021/08/02,OH,98.5
867,2021/08/02,OK,93.5
868,2021/08/02,OR,97.8
869,2021/08/02,PA,94.1
871,2021/08/02,RI,95.3
872,2021/08/02,SC,93.6
873,2021/08/02,SD,83.5
874,2021/08/02,TN,97.9
875,2021/08/02,TX,0.0
876,2021/08/02,UT,97.1
877,2021/08/02,VA,51.2
879,2021/08/02,VT,73.7
880,2021/08/02,WA,96.2
881,2021/08/02,WI,97.1
882,2021/08/02,WV,58.6
883,2021/08/02,WY,96.5
884,2021/08/16,AK,97.0
885,2021/08/16,AL,91.8
886,2021/08/16,AR,89.6
887,2021/08/16,AZ,97.6
888,2021/08/16,CA,0.0
889,2021/08/16,CO,97.4
890,2021/08/16,CT,98.4
891,2021/08/16,DE,96.2
892,2021/08/16,FL,98.7
893,2021/08/16,GA,54.6
894,2021/08/16,HI,0.0
895,2021/08/16,IA,97.5
896,2021/08/16,ID,97.7
897,2021/08/16,IL,97.8
898,2021/08/16,IN,98.8
899,2021/08/16,KS,93.5
900,2021/08/16,KY,94.3
901,2021/08/16,LA,96.2
902,2021/08/16,MA,89.4
903,2021/08/16,MD,98.7
904,2021/08/16,ME,96.4
905,2021/08/16,MI,94.6
906,2021/08/16,MN,94.5
907,2021/08/16,MO,90.9
908,2021/08/16,MS,98.3
909,2021/08/16,MT,95.6
910,2021/08/16,NC,96.3
911,2021/08/16,ND,95.1
912,2021/08/16,NE,88.8
913,2021/08/16,NH,94.0
914,2021/08/16,NJ,93.1
915,2021/08/16,NM,83.2
916,2021/08/16,NV,94.9
917,2021/08/16,NY,97.5
918,2021/08/16,OH,98.5
919,2021/08/16,OK,93.6
920,2021/08/16,OR,97.7
921,2021/08/16,PA,94.2
923,2021/08/16,RI,95.0
924,2021/08/16,SC,93.7
925,2021/08/16,SD,83.7
926,2021/08/16,TN,97.9
927,2021/08/16,TX,0.0
928,2021/08/16,UT,97.1
929,2021/08/16,VA,51.3
931,2021/08/16,VT,73.7
932,2021/08/16,WA,96.2
933,2021/08/16,WI,97.1
934,2021/08/16,WV,58.7
935,2021/08/16,WY,96.4
936,2021/08/30,AK,97.0
937,2021/08/30,AL,92.0
938,2021/08/30,AR,89.8
939,2021/08/30,AZ,97.6
940,2021/08/30,CA,97.3
941,2021/08/30,CO,97.4
942,2021/08/30,CT,98.4
943,2021/08/30,DE,96.2
944,2021/08/30,FL,98.7
945,2021/08/30,GA,55.3
946,2021/08/30,HI,0.0
947,2021/08/30,IA,97.5
948,2021/08/30,ID,97.7
949,2021/08/30,IL,97.8
950,2021/08/30,IN,98.8
951,2021/08/30,KS,93.6
952,2021/08/30,KY,94.3
953,2021/08/30,LA,96.4
954,2021/08/30,MA,89.5
955,2021/08/30,MD,98.7
956,2021/08/30,ME,96.4
957,2021/08/30,MI,94.5
958,2021/08/30,MN,94.4
959,2021/08/30,MO,91.0
960,2021/08/30,MS,98.3
961,2021/08/30,MT,95.6
962,2021/08/30,NC,96.3
963,2021/08/30,ND,95.1
964,2021/08/30,NE,89.1
965,2021/08/30,NH,94.0
966,2021/08/30,NJ,93.2
967,2021/08/30,NM,83.5
968,2021/08/30,NV,94.9
969,2021/08/30,NY,97.5
970,2021/08/30,OH,98.5
971,2021/08/30,OK,93.7
972,2021/08/30,OR,97.8
973,2021/08/30,PA,94.2
975,2021/08/30,RI,94.6
976,2021/08/30,SC,93.7
977,2021/08/30,SD,84.0
978,2021/08/30,TN,97.9
979,2021/08/30,TX,0.0
980,2021/08/30,UT,97.2
981,2021/08/30,VA,51.3
983,2021/08/30,VT,73.7
984,2021/08/30,WA,96.2
985,2021/08/30,WI,97.1
986,2021/08/30,WV,58.7
987,2021/08/30,WY,96.4
988,2021/09/13,AK,96.6
989,2021/09/13,AL,92.4
990,2021/09/13,AR,90.1
991,2021/09/13,AZ,97.6
992,2021/09/13,CA,97.4
993,2021/09/13,CO,97.4
994,2021/09/13,CT,98.4
995,2021/09/13,DE,96.2
996,2021/09/13,FL,98.7
997,2021/09/13,GA,55.9
998,2021/09/13,HI,0.0
999,2021/09/13,IA,97.5
1000,2021/09/13,ID,97.7
1001,2021/09/13,IL,97.8
1002,2021/09/13,IN,98.8
1003,2021/09/13,KS,93.6
1004,2021/09/13,KY,94.3
1005,2021/09/13,LA,96.5
1006,2021/09/13,MA,89.5
1007,2021/09/13,MD,98.7
1008,2021/09/13,ME,96.4
1009,2021/09/13,MI,94.5
1010,2021/09/13,MN,94.2
1011,2021/09/13,MO,91.1
1012,2021/09/13,MS,98.3
1013,2021/09/13,MT,95.6
1014,2021/09/13,NC,96.3
1015,2021/09/13,ND,95.1
1016,2021/09/13,NE,89.3
1017,2021/09/13,NH,94.1
1018,2021/09/13,NJ,93.3
1019,2021/09/13,NM,83.8
1020,2021/09/13,NV,94.9
1021,2021/09/13,NY,97.5
1022,2021/09/13,OH,98.5
1023,2021/09/13,OK,93.7
1024,2021/09/13,OR,97.8
1025,2021/09/13,PA,94.3
1027,2021/09/13,RI,94.3
1028,2021/09/13,SC,93.8
1029,2021/09/13,SD,84.3
1030,2021/09/13,TN,97.9
1031,2021/09/13,TX,0.0
1032,2021/09/13,UT,97.2
1033,2021/09/13,VA,51.3
1035,2021/09/13,VT,73.7
1036,2021/09/13,WA,96.2
1037,2021/09/13,WI,97.0
1038,2021/09/13,WV,58.8
1039,2021/09/13,WY,96.4
1040,2021/09/27,AK,96.6
1041,2021/09/27,AL,92.5
1042,2021/09/27,AR,90.2
1043,2021/09/27,AZ,97.6
1044,2021/09/27,CA,97.4
1045,2021/09/27,CO,97.4
1046,2021/09/27,CT,98.4
1047,2021/09/27,DE,96.2
1048,2021/09/27,FL,98.7
1049,2021/09/27,GA,56.8
1050,2021/09/27,HI,0.0
1051,2021/09/27,IA,97.5
1052,2021/09/27,ID,97.6
1053,2021/09/27,IL,97.8
1054,2021/09/27,IN,98.8
1055,2021/09/27,KS,93.7
1056,2021/09/27,KY,94.4
1057,2021/09/27,LA,96.6
1058,2021/09/27,MA,89.6
1059,2021/09/27,MD,98.8
1060,2021/09/27,ME,96.4
1061,2021/09/27,MI,94.4
1062,2021/09/27,MN,94.1
1063,2021/09/27,MO,91.2
1064,2021/09/27,MS,98.3
1065,2021/09/27,MT,95.6
1066,2021/09/27,NC,96.4
1067,2021/09/27,ND,95.1
1068,2021/09/27,NE,89.5
1069,2021/09/27,NH,94.1
1070,2021/09/27,NJ,93.4
1071,2021/09/27,NM,84.1
1072,2021/09/27,NV,94.9
1073,2021/09/27,NY,97.6
1074,2021/09/27,OH,98.7
1075,2021/09/27,OK,93.8
1076,2021/09/27,OR,97.8
1077,2021/09/27,PA,94.4
1079,2021/09/27,RI,93.7
1080,2021/09/27,SC,93.8
1081,2021/09/27,SD,84.6
1082,2021/09/27,TN,97.9
1083,2021/09/27,TX,0.0
1084,2021/09/27,UT,97.3
1085,2021/09/27,VA,84.0
1087,2021/09/27,VT,73.7
1088,2021/09/27,WA,96.0
1089,2021/09/27,WI,97.0
1090,2021/09/27,WV,59.8
1091,2021/09/27,WY,96.4
1092,2021/10/11,AK,96.6
1093,2021/10/11,AL,92.5
1094,2021/10/11,AR,90.2
1095,2021/10/11,AZ,97.6
1096,2021/10/11,CA,97.4
1097,2021/10/11,CO,97.4
1098,2021/10/11,CT,98.4
1099,2021/10/11,DE,96.2
1100,2021/10/11,FL,98.7
1101,2021/10/11,GA,57.3
1102,2021/10/11,HI,0.0
1103,2021/10/11,IA,97.5
1104,2021/10/11,ID,97.6
1105,2021/10/11,IL,97.8
1106,2021/10/11,IN,98.7
1107,2021/10/11,KS,93.6
1108,2021/10/11,KY,94.4
1109,2021/10/11,LA,96.6
1110,2021/10/11,MA,89.6
1111,2021/10/11,MD,98.7
1112,2021/10/11,ME,96.5
1113,2021/10/11,MI,98.0
1114,2021/10/11,MN,94.0
1115,2021/10/11,MO,91.1
1116,2021/10/11,MS,98.3
1117,2021/10/11,MT,95.7
1118,2021/10/11,NC,96.4
1119,2021/10/11,ND,95.1
1120,2021/10/11,NE,89.6
1121,2021/10/11,NH,94.1
1122,2021/10/11,NJ,93.5
1123,2021/10/11,NM,84.3
1124,2021/10/11,NV,94.9
1125,2021/10/11,NY,97.6
1126,2021/10/11,OH,98.7
1127,2021/10/11,OK,93.8
1128,2021/10/11,OR,97.8
1129,2021/10/11,PA,94.4
1131,2021/10/11,RI,93.4
1132,2021/10/11,SC,93.8
1133,2021/10/11,SD,84.8
1134,2021/10/11,TN,97.9
1135,2021/10/11,TX,0.0
1136,2021/10/11,UT,97.4
1137,2021/10/11,VA,83.3
1139,2021/10/11,VT,73.7
1140,2021/10/11,WA,96.1
1141,2021/10/11,WI,97.0
1142,2021/10/11,WV,59.9
1143,2021/10/11,WY,96.4
1196,2021/12/13,AK,95.0
1197,2021/12/13,AL,92.7
1198,2021/12/13,AR,90.4
1199,2021/12/13,AZ,95.0
1200,2021/12/13,CA,95.0
1201,2021/12/13,CO,95.0
1202,2021/12/13,CT,95.0
1203,2021/12/13,DE,95.0
1204,2021/12/13,FL,95.0
1205,2021/12/13,GA,59.4
1206,2021/12/13,HI,0.0
1207,2021/12/13,IA,95.0
1208,2021/12/13,ID,95.0
1209,2021/12/13,IL,95.0
1210,2021/12/13,IN,95.0
1211,2021/12/13,KS,93.7
1212,2021/12/13,KY,94.0
1213,2021/12/13,LA,95.0
1214,2021/12/13,MA,89.8
1215,2021/12/13,MD,95.0
1216,2021/12/13,ME,95.0
1217,2021/12/13,MI,95.0
1218,2021/12/13,MN,94.5
1219,2021/12/13,MO,91.2
1220,2021/12/13,MS,95.0
1221,2021/12/13,MT,95.0
1222,2021/12/13,NC,95.0
1223,2021/12/13,ND,92.6
1224,2021/12/13,NE,90.1
1225,2021/12/13,NH,94.1
1226,2021/12/13,NJ,93.7
1227,2021/12/13,NM,95.0
1228,2021/12/13,NV,94.9
1229,2021/12/13,NY,95.0
1230,2021/12/13,OH,95.0
1231,2021/12/13,OK,93.9
1232,2021/12/13,OR,95.0
1233,2021/12/13,PA,94.4
1235,2021/12/13,RI,92.1
1236,2021/12/13,SC,93.9
1237,2021/12/13,SD,95.0
1238,2021/12/13,TN,95.0
1239,2021/12/13,TX,95.0
1240,2021/12/13,UT,95.0
1241,2021/12/13,VA,81.1
1243,2021/12/13,VT,73.7
1244,2021/12/13,WA,95.0
1245,2021/12/13,WI,95.0
1246,2021/12/13,WV,76.6
1247,2021/12/13,WY,95.0
1248,2022/01/10,AK,96.7
1249,2022/01/10,AL,92.7
1250,2022/01/10,AR,90.4
1251,2022/01/10,AZ,97.7
1252,2022/01/10,CA,97.5
1253,2022/01/10,CO,97.3
1254,2022/01/10,CT,98.3
1255,2022/01/10,DE,96.3
1256,2022/01/10,FL,98.7
1257,2022/01/10,GA,59.9
1258,2022/01/10,HI,100.0
1259,2022/01/10,IA,97.4
1260,2022/01/10,ID,97.6
1261,2022/01/10,IL,98.0
1262,2022/01/10,IN,98.6
1263,2022/01/10,KS,93.7
1264,2022/01/10,KY,94.1
1265,2022/01/10,LA,96.8
1266,2022/01/10,MA,89.9
1267,2022/01/10,MD,98.7
1268,2022/01/10,ME,96.5
1269,2022/01/10,MI,95.7
1270,2022/01/10,MN,94.6
1271,2022/01/10,MO,91.3
1272,2022/01/10,MS,98.3
1273,2022/01/10,MT,95.8
1274,2022/01/10,NC,97.2
1275,2022/01/10,ND,92.7
1276,2022/01/10,NE,90.3
1277,2022/01/10,NH,94.2
1278,2022/01/10,NJ,93.9
1279,2022/01/10,NM,97.2
1280,2022/01/10,NV,94.9
1281,2022/01/10,NY,97.6
1282,2022/01/10,OH,98.7
1283,2022/01/10,OK,94.0
1284,2022/01/10,OR,97.8
1285,2022/01/10,PA,94.6
1287,2022/01/10,RI,91.3
1288,2022/01/10,SC,93.9
1289,2022/01/10,SD,96.7
1290,2022/01/10,TN,97.9
1291,2022/01/10,TX,99.1
1292,2022/01/10,UT,97.6
1293,2022/01/10,VA,80.4
1295,2022/01/10,VT,73.7
1296,2022/01/10,WA,96.2
1297,2022/01/10,WI,96.8
1298,2022/01/10,WV,97.3
1299,2022/01/10,WY,96.5
1300,2022/02/07,AK,97.7
1301,2022/02/07,AL,92.4
1302,2022/02/07,AR,90.4
1303,2022/02/07,AZ,97.7
1304,2022/02/07,CA,97.6
1305,2022/02/07,CO,97.1
1306,2022/02/07,CT,98.3
1307,2022/02/07,DE,96.1
1308,2022/02/07,FL,98.6
1309,2022/02/07,GA,89.6
1310,2022/02/07,HI,100.0
1311,2022/02/07,IA,97.4
1312,2022/02/07,ID,97.8
1313,2022/02/07,IL,98.1
1314,2022/02/07,IN,98.6
1315,2022/02/07,KS,93.5
1316,2022/02/07,KY,94.0
1317,2022/02/07,LA,96.8
1318,2022/02/07,MA,89.8
1319,2022/02/07,MD,98.2
1320,2022/02/07,ME,96.2
1321,2022/02/07,MI,95.6
1322,2022/02/07,MN,94.6
1323,2022/02/07,MO,91.2
1324,2022/02/07,MS,98.1
1325,2022/02/07,MT,95.8
1326,2022/02/07,NC,97.0
1327,2022/02/07,ND,92.6
1328,2022/02/07,NE,90.4
1329,2022/02/07,NH,94.2
1330,2022/02/07,NJ,93.9
1331,2022/02/07,NM,97.0
1332,2022/02/07,NV,94.9
1333,2022/02/07,NY,97.6
1334,2022/02/07,OH,98.6
1335,2022/02/07,OK,93.7
1336,2022/02/07,OR,97.7
1337,2022/02/07,PA,94.6
1339,2022/02/07,RI,90.2
1340,2022/02/07,SC,93.1
1341,2022/02/07,SD,96.7
1342,2022/02/07,TN,97.8
1343,2022/02/07,TX,99.0
1344,2022/02/07,UT,97.5
1345,2022/02/07,VA,0.0
1347,2022/02/07,VT,73.6
1348,2022/02/07,WA,96.1
1349,2022/02/07,WI,96.8
1350,2022/02/07,WV,97.2
1351,2022/02/07,WY,97.1
1404,2022/03/14,AK,97.6
1405,2022/03/14,AL,92.4
1406,2022/03/14,AR,90.5
1407,2022/03/14,AZ,97.7
1408,2022/03/14,CA,97.5
1409,2022/03/14,CO,97.1
1410,2022/03/14,CT,98.3
1411,2022/03/14,DE,96.1
1412,2022/03/14,FL,98.6
1413,2022/03/14,GA,89.7
1414,2022/03/14,HI,0.0
1415,2022/03/14,IA,97.4
1416,2022/03/14,ID,97.8
1417,2022/03/14,IL,98.4
1418,2022/03/14,IN,98.6
1419,2022/03/14,KS,93.6
1420,2022/03/14,KY,94.0
1421,2022/03/14,LA,96.8
1422,2022/03/14,MA,89.9
1423,2022/03/14,MD,98.2
1424,2022/03/14,ME,96.2
1425,2022/03/14,MI,95.5
1426,2022/03/14,MN,94.6
1427,2022/03/14,MO,91.3
1428,2022/03/14,MS,98.1
1429,2022/03/14,MT,95.8
1430,2022/03/14,NC,96.9
1431,2022/03/14,ND,92.6
1432,2022/03/14,NE,90.5
1433,2022/03/14,NH,94.1
1434,2022/03/14,NJ,93.9
1435,2022/03/14,NM,97.0
1436,2022/03/14,NV,94.9
1437,2022/03/14,NY,97.6
1438,2022/03/14,OH,98.6
1439,2022/03/14,OK,93.8
1440,2022/03/14,OR,97.8
1441,2022/03/14,PA,94.7
1443,2022/03/14,RI,89.6
1444,2022/03/14,SC,93.1
1445,2022/03/14,SD,96.7
1446,2022/03/14,TN,97.8
1447,2022/03/14,TX,99.0
1448,2022/03/14,UT,97.6
1449,2022/03/14,VA,0.0
1451,2022/03/14,VT,73.6
1452,2022/03/14,WA,96.0
1453,2022/03/14,WI,96.9
1454,2022/03/14,WV,97.2
1455,2022/03/14,WY,97.1
1456,2022/04/11,AK,97.6
1457,2022/04/11,AL,92.4
1458,2022/04/11,AR,90.5
1459,2022/04/11,AZ,97.7
1460,2022/04/11,CA,97.5
1461,2022/04/11,CO,97.1
1462,2022/04/11,CT,98.3
1463,2022/04/11,DE,96.1
1464,2022/04/11,FL,98.7
1465,2022/04/11,GA,89.5
1466,2022/04/11,IA,97.4
1467,2022/04/11,ID,97.8
1468,2022/04/11,IL,98.3
1469,2022/04/11,IN,98.6
1470,2022/04/11,KS,93.6
1471,2022/04/11,KY,94.0
1472,2022/04/11,LA,96.9
1473,2022/04/11,MA,89.9
1474,2022/04/11,MD,98.2
1475,2022/04/11,ME,96.2
1476,2022/04/11,MI,95.3
1477,2022/04/11,MN,94.6
1478,2022/04/11,MO,91.3
1479,2022/04/11,MS,98.1
1480,2022/04/11,MT,95.8
1481,2022/04/11,NC,96.9
1482,2022/04/11,ND,92.6
1483,2022/04/11,NE,90.6
1484,2022/04/11,NH,94.1
1485,2022/04/11,NJ,94.0
1486,2022/04/11,NM,97.0
1487,2022/04/11,NV,94.9
1488,2022/04/11,NY,97.6
1489,2022/04/11,OH,98.6
1490,2022/04/11,OK,93.8
1491,2022/04/11,OR,97.8
1492,2022/04/11,PA,94.7
1494,2022/04/11,RI,89.4
1495,2022/04/11,SC,93.1
1496,2022/04/11,SD,96.7
1497,2022/04/11,TN,97.8
1498,2022/04/11,TX,98.9
1499,2022/04/11,UT,97.6
1500,2022/04/11,VA,79.1
1502,2022/04/11,VT,73.5
1503,2022/04/11,WA,96.0
1504,2022/04/11,WI,96.8
1505,2022/04/11,WV,97.2
1506,2022/04/11,WY,97.1
1507,2022/05/09,AK,97.5
1508,2022/05/09,AL,92.5
1509,2022/05/09,AR,90.5
1510,2022/05/09,AZ,97.7
1511,2022/05/09,CA,97.6
1512,2022/05/09,CO,97.1
1513,2022/05/09,CT,98.3
1514,2022/05/09,DE,96.2
1515,2022/05/09,FL,98.6
1516,2022/05/09,GA,89.4
1517,2022/05/09,IA,97.4
1518,2022/05/09,ID,97.8
1519,2022/05/09,IL,98.4
1520,2022/05/09,IN,98.6
1521,2022/05/09,KS,93.6
1522,2022/05/09,KY,94.0
1523,2022/05/09,LA,96.9
1524,2022/05/09,MA,89.9
1525,2022/05/09,MD,98.2
1526,2022/05/09,ME,96.2
1527,2022/05/09,MI,95.1
1528,2022/05/09,MN,94.6
1529,2022/05/09,MO,91.3
1530,2022/05/09,MS,98.1
1531,2022/05/09,MT,95.8
1532,2022/05/09,NC,96.9
1533,2022/05/09,ND,92.7
1534,2022/05/09,NE,90.7
1535,2022/05/09,NH,94.1
1536,2022/05/09,NJ,94.0
1537,2022/05/09,NM,97.0
1538,2022/05/09,NV,94.9
1539,2022/05/09,NY,97.6
1540,2022/05/09,OH,98.5
1541,2022/05/09,OK,93.8
1542,2022/05/09,OR,97.7
1543,2022/05/09,PA,94.8
1545,2022/05/09,RI,89.1
1546,2022/05/09,SC,93.1
1547,2022/05/09,SD,96.7
1548,2022/05/09,TN,97.8
1549,2022/05/09,TX,98.9
1550,2022/05/09,UT,97.6
1551,2022/05/09,VA,79.0
1553,2022/05/09,VT,73.5
1554,2022/05/09,WA,96.0
1555,2022/05/09,WI,96.8
1556,2022/05/09,WV,97.2
1557,2022/05/09,WY,97.1
1609,2022/06/13,AK,97.4
1610,2022/06/13,AL,92.5
1611,2022/06/13,AR,90.5
1612,2022/06/13,AZ,97.7
1613,2022/06/13,CA,97.6
1614,2022/06/13,CO,97.1
1615,2022/06/13,CT,98.3
1616,2022/06/13,DE,96.2
1617,2022/06/13,FL,98.6
1618,2022/06/13,GA,89.3
1619,2022/06/13,IA,97.4
1620,2022/06/13,ID,97.8
1621,2022/06/13,IL,98.3
1622,2022/06/13,IN,98.6
1623,2022/06/13,KS,93.7
1624,2022/06/13,KY,94.0
1625,2022/06/13,LA,96.9
1626,2022/06/13,MA,89.9
1627,2022/06/13,MD,98.2
1628,2022/06/13,ME,96.2
1629,2022/06/13,MI,95.0
1630,2022/06/13,MN,94.6
1631,2022/06/13,MO,91.3
1632,2022/06/13,MS,98.1
1633,2022/06/13,MT,95.8
1634,2022/06/13,NC,96.9
1635,2022/06/13,ND,92.7
1636,2022/06/13,NE,90.7
1637,2022/06/13,NH,94.1
1638,2022/06/13,NJ,94.0
1639,2022/06/13,NM,97.0
1640,2022/06/13,NV,95.0
1641,2022/06/13,NY,97.6
1642,2022/06/13,OH,98.7
1643,2022/06/13,OK,93.8
1644,2022/06/13,OR,97.8
1645,2022/06/13,PA,94.8
1647,2022/06/13,RI,88.8
1648,2022/06/13,SC,93.1
1649,2022/06/13,SD,96.7
1650,2022/06/13,TN,97.8
1651,2022/06/13,TX,98.9
1652,2022/06/13,UT,97.6
1653,2022/06/13,VA,78.9
1655,2022/06/13,VT,73.5
1656,2022/06/13,WA,96.0
1657,2022/06/13,WI,96.8
1658,2022/06/13,WV,97.2
1659,2022/06/13,WY,97.1
